Use NFLProject;

Insert Into dbo.Rehab_Protocol (Rehab_ID, TimeFrame, Rehab_Type)
Values 
	(1, 5, 'Lower Body')
	,(2, 4, 'Upper Body')
	,(3, 6, 'Head')
;

Insert Into dbo.Trainer (Trainer_ID, First_Name, Last_Name, Specialty, Rehab_ID)
Values
	(1, 'Steven', 'Fry', 'Upper Body Specialist', 2)
	,(2, 'Kelly', 'Peltz', 'Neurologist', 3)
	,(3, 'Hugh', 'Howey', 'Lower Body Specialist', 1)
	,(4, 'Charles', 'Xavier', 'Telepath', 3)
	,(5, 'Julie', 'Smith', 'Orthopaedic Surgeon', 1)
	,(6, 'Eric', 'Oliver', 'Podiatrist', 1)
	,(7, 'Nichole', 'Shumway', 'Hand Surgeon', 2)
	,(8, 'Hector', 'Bana', 'Otolaryngologist ', 3)
	,(9, 'Carlton', 'Fredrick', 'Knee Specialist', 1)
;

Insert Into dbo.Injury (Injury_ID, Injury_Type, Rehab_ID)
Values
	(1, 'Lower Body Injury', 1)
	,(2, 'Upper Body Injury', 2)
	,(3, 'Head Injury', 3)
;

Insert Into dbo.Position (Position_ID, Position_Name, Position_Unit)
Values
	(1, 'Quarterback', 'Offense')
	,(2, 'Running Back', 'Offense')
	,(3, 'Wide Receiver', 'Offense')
	,(4, 'Tight End', 'Offense')
	,(5, 'Offensive Line', 'Offense')
	,(6, 'Defensive Line', 'Defense')
	,(7, 'Linebacker', 'Defense')
	,(8, 'Defensive Back', 'Defense')
	,(9, 'Kicker', 'Special Teams')
	,(10, 'Punter', 'Special Teams')
	,(11, 'Long Snapper', 'Special Teams')
;

Insert Into dbo.Player (Player_ID, First_Name, Last_Name, Jersey_Num, Position_ID)
Values
	(1, 'Geno', 'Smith', 7, 1)
	,(2, 'Russell', 'Wilson', 3, 1)
	,(3, 'Chris', 'Carson', 32, 2)
	,(4, 'Travis', 'Homer', 25, 2)
	,(5, 'Rashaad', 'Penny', 20, 2)
	,(6, 'C.J.', 'Prosise', 22, 2)
	,(7, 'Jaron', 'Brown', 18, 3)
	,(8, 'Josh', 'Gordon', 10, 3)
	,(9, 'Tyler', 'Lockett', 16, 3)
	,(10, 'D.K.', 'Metcalf', 14, 3)
	,(11, 'David', 'Moore', 83, 3)
	,(12, 'Malik', 'Turner', 17, 3)
	,(13, 'John', 'Ursua', 15, 3)
	,(14, 'Jacob', 'Hollister', 48, 4)
	,(15, 'Luke', 'Willson', 82, 4)
	,(16, 'D.J.', 'Fluker', 78, 5)
	,(17, 'Germain', 'Ifedi', 65, 5)
	,(18, 'Jamarco', 'Jones', 73, 5)
	,(19, 'Joey', 'Hunt', 53, 5)
	,(20, 'Mike', 'Iupati', 70, 5)
	,(21, 'Duane', 'Brown', 76, 5)
	,(22, 'Jordan', 'Roos', 64, 5)
	,(23, 'Phil', 'Haynes', 60, 5)
	,(24, 'George', 'Fant', 74, 5)
	,(25, 'Quandre', 'Diggs', 28, 8)
	,(26, 'Jamar', 'Taylor', 24, 8)
	,(27, 'Shaquill', 'Griffin', 26, 8)
	,(28, 'Akeem', 'King', 36, 8)
	,(29, 'Neiko', 'Thorpe', 23, 8)
	,(30, 'Delano', 'Hill', 42, 8)
	,(31, 'Bradley', 'McDougald', 30, 8)
	,(32, 'Ugochukwu', 'Amadi', 28, 8)
	,(33, 'Marquise', 'Blair', 27, 8)
	,(34, 'Tre', 'Flowers', 21, 8)
	,(35, 'Ezekiel', 'Ansah', 94, 6)
	,(36, 'Jadeveon', 'Clowney', 90, 6)
	,(37, 'Branden', 'Jackson', 93, 6)
	,(38, 'L.J.', 'Collier', 95, 6)
	,(39, 'Poona', 'Ford', 97, 6)
	,(40, 'Rasheem', 'Green', 98, 6)
	,(41, 'Quinton', 'Jefferson', 99, 6)
	,(42, 'Jarran', 'Reed', 91, 6)
	,(43, 'Al', 'Woods', 72, 6)
	,(44, 'Mychal', 'Kendricks', 56, 7)
	,(45, 'Bobby', 'Wagner', 54, 7)
	,(46, 'Cody', 'Barton', 57, 7)
	,(47, 'Nick', 'Bellore', 44, 7)
	,(48, 'Ben', 'Burr-Kirven', 55, 7)
	,(49, 'K.J.', 'Wright', 50, 7)
	,(50, 'Shaquem', 'Griffin', 49, 7)
	,(51, 'Jason', 'Myers', 5, 9)
	,(52, 'Tyler', 'Ott', 69, 11)
	,(53, 'Michael', 'Dickson', 4, 10)
;

Insert Into dbo.Injury_Event (Injury_Event_ID, Event_Date, Player_ID, Injury_ID)
Values
	(1, '20180202', 8, 1)
	,(2, '20180202', 44, 3)
	,(3, '20180303', 41, 1)
	,(4, '20180303', 24, 2)
	,(5, '20180304', 19, 1)
	,(6, '20180104', 9, 3)
	,(7, '20180305', 3, 2)
	,(8, '20180305', 12, 3)
	,(9, '20180406', 10, 3)
	,(10, '20180507', 1, 3)
	,(11, '20180507', 29, 2)
	,(12, '20180508', 5, 1)
	,(13, '20180509', 49, 3)
	,(14, '20180509', 15, 1)
	,(15, '20180610', 45, 3)
	,(16, '20180610', 6, 1)
	,(17, '20180611', 32, 3)
	,(18, '20180612', 7, 3)
	,(19, '20180714', 15, 1)
	,(20, '20180715', 9, 2)
	,(21, '20180812', 21, 2)
	,(22, '20180813', 19, 2)
	,(23, '20180814', 42, 3)
	,(24, '20180815', 38, 3)
	,(25, '20180912', 13, 1)
	,(26, '20180913', 33, 1)
	,(27, '20180914', 1, 2)
	,(28, '20181013', 4, 1)
	,(29, '20181014', 27, 2)
	,(30, '20181112', 11, 1)
	,(31, '20181115', 34, 3)
	,(32, '20181212', 23, 2)
	,(33, '20190112', 6, 2)
	,(34, '20190114', 32, 2)
	,(35, '20190115', 17, 1)
	,(36, '20190212', 38, 3)
	,(37, '20190214', 40, 3)
	,(38, '20190215', 5, 1)
	,(39, '20190315', 35, 1)
	,(40, '20190412', 41, 1)
	,(41, '20190413', 52, 2)
	,(42, '20190714', 3, 2)
	,(43, '20190415', 13, 1)
	,(44, '20190512', 23, 3)
	,(45, '20190313', 28, 3)
	,(46, '20190514', 45, 1)
	,(47, '20190612', 29, 2)
	,(48, '20190613', 46, 3)
	,(49, '20190614', 28, 1)
	,(50, '20190615', 30, 3)
	,(51, '20190713', 34, 1)
	,(52, '20190714', 7, 1)
	,(53, '20190715', 12, 3)
	,(54, '20190812', 27, 2)
	,(55, '20190813', 4, 2)
	,(56, '20190814', 17, 3)
	,(57, '20190815', 44, 1)
	,(58, '20190912', 52, 3)
	,(59, '20190913', 39, 3)
	,(60, '20190914', 47, 3)
	,(61, '20190915', 11, 3)
;

Insert Into dbo.Sleep_Session (Sleep_ID, Sleep_Date, Hours_Slept, Sleep_Rating, Player_ID)
Values
	(1, '20180618', 11, 1, 1)
	,(2, '20181026', 5, 2, 1)
	,(3, '20181019', 10, 6, 2)
	,(4, '20190104', 11, 2, 2)
	,(5, '20180402', 11, 3, 3)
	,(6, '20190811', 7, 7, 3)
	,(7, '20181117', 7, 10, 4)
	,(8, '20190917', 7, 3, 4)
	,(9, '20180612', 6, 10, 5)
	,(10, '20190322', 6, 1, 5)
	,(11, '20180715', 8, 3, 6)
	,(12, '20190216', 10, 1, 6)
	,(13, '20180724', 11, 10, 7)
	,(14, '20190825', 8, 6, 7)
	,(15, '20180309', 8, 9, 8)
	,(16, '20180309', 7, 8, 8)
	,(17, '20180215', 10, 6, 9)
	,(18, '20180826', 8, 3, 9)
	,(19, '20180518', 8, 5, 10)
	,(20, '20180518', 8, 8, 10)
	,(21, '20181217', 8, 10, 11)
	,(22, '20191020', 6, 5, 11)
	,(23, '20180416', 9, 1, 12)
	,(24, '20190826', 11, 1, 12)
	,(25, '20181017', 8, 4, 13)
	,(26, '20190520', 5, 2, 13)
	,(27, '20190505', 8, 4, 14)
	,(28, '20190721', 9, 1, 14)
	,(29, '20180613', 10, 3, 15)
	,(30, '20180818', 5, 4, 15)
	,(31, '20190505', 10, 4, 16)
	,(32, '20190721', 6, 4, 16)
	,(33, '20190219', 11, 1, 17)
	,(34, '20190918', 7, 7, 17)
	,(35, '20190505', 10, 1, 18)
	,(36, '20190721', 8, 6, 18)
	,(37, '20180408', 11, 7, 19)
	,(38, '20180917', 9, 4, 19)
	,(39, '20190505', 8, 5, 20)
	,(40, '20190721', 10, 8, 20)
	,(41, '20180909', 7, 7, 21)
	,(42, '20180909', 7, 2, 21)
	,(43, '20190505', 6, 9, 22)
	,(44, '20190721', 7, 6, 22)
	,(45, '20190109', 7, 10, 23)
	,(46, '20190609', 9, 1, 23)
	,(47, '20180331', 10, 1, 24)
	,(48, '20180331', 8, 4, 24)
	,(49, '20190501', 6, 5, 25)
	,(50, '20190717', 11, 4, 25)
	,(51, '20190501', 11, 8, 26)
	,(52, '20190717', 6, 1, 26)
	,(53, '20181111', 7, 8, 27)
	,(54, '20190909', 6, 2, 27)
	,(55, '20190424', 6, 7, 28)
	,(56, '20190726', 5, 2, 28)
	,(57, '20180604', 11, 3, 29)
	,(58, '20190710', 11, 6, 29)
	,(59, '20190727', 9, 2, 30)
	,(60, '20190727', 5, 8, 30)
	,(61, '20190501', 10, 10, 31)
	,(62, '20190717', 10, 3, 31)
	,(63, '20180723', 8, 1, 32)
	,(64, '20190225', 5, 3, 32)
	,(65, '20181018', 7, 2, 33)
	,(66, '20181018', 10, 9, 33)
	,(67, '20181227', 9, 4, 34)
	,(68, '20190824', 11, 9, 34)
	,(69, '20190419', 9, 4, 35)
	,(70, '20190419', 8, 3, 35)
	,(71, '20190501', 6, 8, 36)
	,(72, '20190717', 6, 3, 36)
	,(73, '20190501', 11, 2, 37)
	,(74, '20190717', 6, 2, 37)
	,(75, '20180926', 10, 9, 38)
	,(76, '20190326', 5, 1, 38)
	,(77, '20191025', 5, 10, 39)
	,(78, '20191025', 10, 6, 39)
	,(79, '20190328', 5, 8, 40)
	,(80, '20190328', 6, 7, 40)
	,(81, '20180407', 10, 5, 41)
	,(82, '20190517', 8, 7, 41)
	,(83, '20180925', 5, 5, 42)
	,(84, '20180925', 11, 4, 42)
	,(85, '20190505', 10, 5, 43)
	,(86, '20190721', 5, 9, 43)
	,(87, '20180316', 9, 10, 44)
	,(88, '20190926', 8, 9, 44)
	,(89, '20180722', 6, 2, 45)
	,(90, '20190625', 11, 6, 45)
	,(91, '20190725', 10, 10, 46)
	,(92, '20190725', 10, 1, 46)
	,(93, '20191026', 10, 7, 47)
	,(94, '20191026', 10, 4, 47)
	,(95, '20190501', 11, 2, 48)
	,(96, '20190717', 9, 1, 48)
	,(97, '20180620', 6, 3, 49)
	,(98, '20180620', 7, 8, 49)
	,(99, '20190505', 9, 4, 50)
	,(100, '20190721', 7, 1, 50)
	,(101, '20190501', 6, 10, 51)
	,(102, '20190717', 8, 10, 51)
	,(103, '20190511', 7, 1, 52)
	,(104, '20191010', 6, 7, 52)
	,(105, '20190505', 6, 10, 53)
	,(106, '20190714', 6, 7, 53)
;

Insert Into dbo.Performance (Performance_ID, Performance_Date, Energy_Rating, Fatigue_Rating, Stress_Rating, Mood_Rating, Soreness_Rating, Player_ID)
Values
	(1, '20180507', 3, 3, 3, 2, 1, 1)
	,(2, '20180514', 5, 3, 4, 2, 3, 1)
	,(3, '20180521', 8, 4, 7, 5, 3, 1)
	,(4, '20180528', 10, 5, 7, 5, 6, 1)
	,(5, '20180604', 10, 7, 10, 6, 9, 1)
	,(6, '20180914', 3, 1, 3, 1, 1, 1)
	,(7, '20180921', 6, 3, 6, 3, 1, 1)
	,(8, '20180928', 6, 5, 8, 4, 2, 1)
	,(9, '20181005', 9, 6, 8, 6, 2, 1)
	,(10, '20181012', 10, 6, 10, 8, 5, 1)
	,(11, '20181019', 2, 3, 2, 2, 3, 2)
	,(12, '20181026', 5, 5, 2, 5, 3, 2)
	,(13, '20181102', 5, 5, 2, 5, 5, 2)
	,(14, '20181109', 7, 5, 5, 6, 7, 2)
	,(15, '20181116', 7, 7, 8, 9, 7, 2)
	,(16, '20181123', 3, 1, 1, 3, 3, 2)
	,(17, '20181130', 6, 3, 3, 6, 5, 2)
	,(18, '20181207', 6, 4, 6, 7, 8, 2)
	,(19, '20181214', 7, 6, 8, 8, 10, 2)
	,(20, '20181221', 10, 9, 10, 10, 10, 2)
	,(21, '20180305', 1, 3, 3, 2, 3, 3)
	,(22, '20180312', 2, 3, 4, 3, 4, 3)
	,(23, '20180319', 3, 4, 7, 4, 6, 3)
	,(24, '20180326', 5, 6, 10, 4, 6, 3)
	,(25, '20180402', 8, 8, 10, 6, 8, 3)
	,(26, '20190714', 2, 2, 1, 2, 2, 3)
	,(27, '20190721', 4, 4, 4, 4, 5, 3)
	,(28, '20190728', 6, 5, 6, 6, 5, 3)
	,(29, '20190804', 6, 8, 8, 7, 8, 3)
	,(30, '20190811', 9, 10, 10, 9, 10, 3)
	,(31, '20181013', 3, 3, 3, 1, 3, 4)
	,(32, '20181020', 5, 6, 4, 2, 5, 4)
	,(33, '20181027', 7, 6, 4, 3, 8, 4)
	,(34, '20181103', 10, 7, 4, 6, 8, 4)
	,(35, '20181110', 10, 10, 6, 8, 10, 4)
	,(36, '20190813', 2, 2, 2, 1, 2, 4)
	,(37, '20190820', 5, 4, 4, 4, 4, 4)
	,(38, '20190827', 5, 6, 4, 7, 5, 4)
	,(39, '20190903', 8, 7, 4, 7, 6, 4)
	,(40, '20190910', 10, 8, 6, 10, 7, 4)
	,(41, '20180508', 1, 2, 3, 1, 3, 5)
	,(42, '20180515', 4, 2, 6, 4, 3, 5)
	,(43, '20180522', 4, 4, 8, 7, 6, 5)
	,(44, '20180529', 4, 6, 10, 10, 8, 5)
	,(45, '20180605', 7, 6, 10, 10, 10, 5)
	,(46, '20190215', 3, 3, 1, 3, 2, 5)
	,(47, '20190222', 3, 3, 3, 6, 5, 5)
	,(48, '20190301', 4, 5, 3, 8, 6, 5)
	,(49, '20190308', 7, 8, 6, 9, 7, 5)
	,(50, '20190315', 9, 10, 7, 9, 7, 5)
	,(51, '20180610', 3, 3, 3, 1, 3, 6)
	,(52, '20180617', 4, 5, 6, 1, 5, 6)
	,(53, '20180624', 5, 6, 7, 4, 7, 6)
	,(54, '20180701', 5, 8, 10, 6, 9, 6)
	,(55, '20180708', 5, 10, 10, 9, 10, 6)
	,(56, '20190112', 2, 1, 3, 2, 2, 6)
	,(57, '20190119', 5, 1, 5, 4, 3, 6)
	,(58, '20190126', 8, 4, 6, 7, 5, 6)
	,(59, '20190202', 10, 5, 7, 7, 5, 6)
	,(60, '20190209', 10, 8, 9, 8, 7, 6)
	,(61, '20180612', 1, 1, 2, 1, 1, 7)
	,(62, '20180619', 3, 4, 2, 3, 1, 7)
	,(63, '20180626', 6, 7, 4, 5, 3, 7)
	,(64, '20180703', 8, 9, 7, 8, 5, 7)
	,(65, '20180710', 9, 9, 8, 10, 8, 7)
	,(66, '20190714', 3, 2, 3, 1, 2, 7)
	,(67, '20190721', 6, 2, 6, 1, 4, 7)
	,(68, '20190728', 9, 5, 9, 2, 5, 7)
	,(69, '20190804', 10, 5, 9, 3, 5, 7)
	,(70, '20190811', 10, 7, 10, 3, 7, 7)
	,(71, '20180202', 3, 2, 3, 1, 2, 8)
	,(72, '20180209', 6, 3, 3, 3, 5, 8)
	,(73, '20180216', 6, 5, 6, 6, 8, 8)
	,(74, '20180223', 8, 7, 8, 9, 8, 8)
	,(75, '20180302', 10, 8, 10, 10, 10, 8)
	,(76, '20180202', 1, 3, 1, 2, 1, 8)
	,(77, '20180209', 1, 6, 4, 3, 3, 8)
	,(78, '20180216', 2, 9, 6, 3, 3, 8)
	,(79, '20180223', 3, 10, 9, 4, 3, 8)
	,(80, '20180302', 3, 10, 10, 7, 6, 8)
	,(81, '20180104', 2, 1, 2, 1, 2, 9)
	,(82, '20180111', 4, 1, 5, 4, 2, 9)
	,(83, '20180118', 4, 4, 6, 7, 3, 9)
	,(84, '20180125', 6, 5, 8, 10, 4, 9)
	,(85, '20180201', 6, 5, 10, 10, 4, 9)
	,(86, '20180715', 2, 3, 1, 1, 2, 9)
	,(87, '20180722', 4, 3, 4, 2, 5, 9)
	,(88, '20180729', 6, 5, 5, 5, 8, 9)
	,(89, '20180805', 7, 5, 5, 6, 9, 9)
	,(90, '20180812', 10, 5, 7, 7, 10, 9)
	,(91, '20180406', 1, 1, 3, 3, 2, 10)
	,(92, '20180413', 4, 3, 3, 4, 4, 10)
	,(93, '20180420', 4, 3, 3, 5, 4, 10)
	,(94, '20180427', 6, 3, 4, 8, 7, 10)
	,(95, '20180504', 6, 3, 6, 10, 10, 10)
	,(96, '20180406', 3, 2, 1, 2, 1, 10)
	,(97, '20180413', 4, 2, 2, 2, 1, 10)
	,(98, '20180420', 6, 2, 4, 5, 1, 10)
	,(99, '20180427', 8, 4, 6, 6, 4, 10)
	,(100, '20180504', 8, 4, 6, 6, 4, 10)
	,(101, '20181112', 3, 1, 3, 1, 2, 11)
	,(102, '20181119', 5, 2, 6, 3, 3, 11)
	,(103, '20181126', 6, 5, 9, 3, 6, 11)
	,(104, '20181203', 9, 6, 10, 5, 8, 11)
	,(105, '20181210', 10, 9, 10, 6, 10, 11)
	,(106, '20190915', 2, 1, 2, 1, 3, 11)
	,(107, '20190922', 2, 2, 3, 2, 4, 11)
	,(108, '20190929', 3, 4, 4, 5, 4, 11)
	,(109, '20191006', 4, 6, 4, 6, 7, 11)
	,(110, '20191013', 7, 7, 7, 8, 8, 11)
	,(111, '20180305', 2, 3, 1, 2, 2, 12)
	,(112, '20180312', 2, 4, 4, 4, 2, 12)
	,(113, '20180319', 2, 4, 6, 7, 4, 12)
	,(114, '20180326', 5, 4, 7, 9, 7, 12)
	,(115, '20180402', 6, 6, 8, 10, 8, 12)
	,(116, '20190715', 3, 3, 3, 3, 1, 12)
	,(117, '20190722', 6, 6, 3, 4, 1, 12)
	,(118, '20190729', 9, 8, 3, 4, 4, 12)
	,(119, '20190805', 9, 9, 3, 6, 7, 12)
	,(120, '20190812', 10, 10, 3, 9, 8, 12)
	,(121, '20180912', 2, 3, 2, 1, 2, 13)
	,(122, '20180919', 4, 4, 3, 1, 5, 13)
	,(123, '20180926', 5, 6, 4, 1, 8, 13)
	,(124, '20181003', 5, 9, 6, 2, 10, 13)
	,(125, '20181010', 6, 9, 7, 3, 10, 13)
	,(126, '20190415', 1, 1, 2, 1, 3, 13)
	,(127, '20190422', 1, 4, 5, 3, 5, 13)
	,(128, '20190429', 1, 4, 6, 3, 7, 13)
	,(129, '20190506', 4, 4, 8, 4, 8, 13)
	,(130, '20190513', 4, 4, 10, 5, 10, 13)
	,(131, '20190505', 1, 2, 3, 1, 3, 14)
	,(132, '20190512', 3, 2, 5, 1, 3, 14)
	,(133, '20190519', 3, 5, 5, 4, 5, 14)
	,(134, '20190526', 3, 8, 7, 7, 6, 14)
	,(135, '20190602', 5, 10, 7, 8, 9, 14)
	,(136, '20190609', 2, 2, 3, 2, 3, 14)
	,(137, '20190616', 3, 2, 5, 2, 5, 14)
	,(138, '20190623', 5, 5, 7, 5, 5, 14)
	,(139, '20190630', 8, 5, 7, 8, 6, 14)
	,(140, '20190707', 9, 5, 8, 10, 7, 14)
	,(141, '20180509', 1, 1, 3, 3, 1, 15)
	,(142, '20180516', 2, 3, 6, 3, 3, 15)
	,(143, '20180523', 3, 3, 8, 5, 4, 15)
	,(144, '20180530', 4, 3, 9, 6, 6, 15)
	,(145, '20180606', 6, 4, 10, 8, 6, 15)
	,(146, '20180714', 3, 3, 2, 3, 3, 15)
	,(147, '20180721', 6, 4, 2, 4, 6, 15)
	,(148, '20180728', 8, 6, 4, 6, 8, 15)
	,(149, '20180804', 8, 8, 7, 7, 10, 15)
	,(150, '20180811', 8, 10, 10, 10, 10, 15)
	,(151, '20190505', 3, 2, 3, 1, 2, 16)
	,(152, '20190512', 6, 4, 3, 1, 2, 16)
	,(153, '20190519', 9, 7, 6, 4, 5, 16)
	,(154, '20190526', 9, 8, 7, 7, 5, 16)
	,(155, '20190602', 10, 10, 10, 10, 6, 16)
	,(156, '20190609', 2, 1, 3, 3, 1, 16)
	,(157, '20190616', 2, 4, 5, 4, 1, 16)
	,(158, '20190623', 2, 7, 7, 6, 3, 16)
	,(159, '20190630', 3, 8, 9, 6, 4, 16)
	,(160, '20190707', 3, 8, 9, 9, 5, 16)
	,(161, '20190115', 2, 2, 2, 3, 1, 17)
	,(162, '20190122', 3, 4, 2, 5, 1, 17)
	,(163, '20190129', 5, 5, 5, 5, 2, 17)
	,(164, '20190205', 6, 7, 7, 5, 2, 17)
	,(165, '20190212', 7, 8, 7, 6, 4, 17)
	,(166, '20190814', 1, 1, 1, 1, 3, 17)
	,(167, '20190821', 4, 3, 3, 4, 6, 17)
	,(168, '20190828', 6, 5, 6, 6, 8, 17)
	,(169, '20190904', 8, 7, 7, 9, 9, 17)
	,(170, '20190911', 10, 7, 9, 10, 10, 17)
	,(171, '20190505', 2, 1, 2, 3, 2, 18)
	,(172, '20190512', 5, 1, 4, 4, 5, 18)
	,(173, '20190519', 8, 3, 6, 5, 6, 18)
	,(174, '20190526', 10, 3, 8, 8, 7, 18)
	,(175, '20190602', 10, 3, 10, 10, 9, 18)
	,(176, '20190609', 2, 2, 1, 3, 1, 18)
	,(177, '20190616', 3, 3, 4, 6, 4, 18)
	,(178, '20190623', 6, 6, 5, 6, 4, 18)
	,(179, '20190630', 9, 7, 6, 9, 6, 18)
	,(180, '20190707', 10, 8, 7, 10, 6, 18)
	,(181, '20180304', 2, 3, 2, 1, 1, 19)
	,(182, '20180311', 3, 4, 4, 3, 4, 19)
	,(183, '20180318', 6, 6, 4, 4, 7, 19)
	,(184, '20180325', 8, 8, 6, 6, 10, 19)
	,(185, '20180401', 10, 9, 8, 9, 10, 19)
	,(186, '20180813', 3, 1, 2, 1, 3, 19)
	,(187, '20180820', 4, 1, 3, 4, 4, 19)
	,(188, '20180827', 6, 2, 6, 5, 7, 19)
	,(189, '20180903', 7, 3, 8, 7, 8, 19)
	,(190, '20180910', 10, 6, 8, 9, 10, 19)
	,(191, '20190505', 1, 2, 1, 1, 1, 20)
	,(192, '20190512', 2, 5, 2, 2, 2, 20)
	,(193, '20190519', 5, 6, 3, 5, 3, 20)
	,(194, '20190526', 5, 8, 4, 8, 5, 20)
	,(195, '20190602', 8, 10, 6, 8, 5, 20)
	,(196, '20190609', 3, 1, 2, 3, 2, 20)
	,(197, '20190616', 5, 3, 5, 5, 4, 20)
	,(198, '20190623', 6, 3, 7, 8, 4, 20)
	,(199, '20190630', 9, 3, 10, 10, 7, 20)
	,(200, '20190707', 10, 5, 10, 10, 10, 20)
	,(201, '20180812', 2, 1, 1, 2, 1, 21)
	,(202, '20180819', 4, 1, 4, 3, 2, 21)
	,(203, '20180826', 7, 1, 5, 6, 5, 21)
	,(204, '20180902', 8, 1, 7, 7, 7, 21)
	,(205, '20180909', 10, 4, 8, 8, 10, 21)
	,(206, '20180812', 1, 3, 3, 1, 3, 21)
	,(207, '20180819', 4, 6, 5, 3, 6, 21)
	,(208, '20180826', 5, 9, 7, 4, 8, 21)
	,(209, '20180902', 5, 9, 8, 6, 10, 21)
	,(210, '20180909', 8, 10, 10, 9, 10, 21)
	,(211, '20190505', 3, 2, 3, 1, 2, 22)
	,(212, '20190512', 6, 3, 6, 3, 2, 22)
	,(213, '20190519', 9, 3, 7, 6, 2, 22)
	,(214, '20190526', 9, 6, 8, 7, 5, 22)
	,(215, '20190602', 10, 7, 10, 10, 5, 22)
	,(216, '20190609', 2, 1, 3, 3, 3, 22)
	,(217, '20190616', 4, 4, 5, 6, 3, 22)
	,(218, '20190623', 6, 6, 7, 8, 4, 22)
	,(219, '20190630', 6, 9, 8, 10, 7, 22)
	,(220, '20190707', 6, 10, 10, 10, 8, 22)
	,(221, '20181212', 2, 3, 3, 3, 1, 23)
	,(222, '20181219', 4, 3, 5, 5, 4, 23)
	,(223, '20181226', 4, 3, 5, 5, 7, 23)
	,(224, '20190102', 6, 4, 6, 8, 7, 23)
	,(225, '20190109', 7, 4, 9, 8, 9, 23)
	,(226, '20190512', 3, 3, 1, 3, 2, 23)
	,(227, '20190519', 5, 6, 2, 3, 2, 23)
	,(228, '20190526', 5, 7, 3, 3, 2, 23)
	,(229, '20190602', 8, 7, 5, 5, 2, 23)
	,(230, '20190609', 10, 7, 6, 7, 3, 23)
	,(231, '20180303', 1, 2, 1, 1, 1, 24)
	,(232, '20180310', 3, 3, 4, 1, 4, 24)
	,(233, '20180317', 4, 6, 5, 2, 7, 24)
	,(234, '20180324', 4, 6, 8, 3, 9, 24)
	,(235, '20180331', 5, 9, 8, 3, 9, 24)
	,(236, '20180303', 1, 2, 2, 1, 3, 24)
	,(237, '20180310', 1, 5, 5, 3, 3, 24)
	,(238, '20180317', 3, 5, 6, 3, 6, 24)
	,(239, '20180324', 6, 8, 7, 5, 7, 24)
	,(240, '20180331', 6, 8, 9, 7, 8, 24)
	,(241, '20190501', 2, 2, 2, 3, 1, 25)
	,(242, '20190508', 3, 3, 4, 5, 2, 25)
	,(243, '20190515', 6, 5, 4, 8, 3, 25)
	,(244, '20190522', 7, 6, 5, 10, 5, 25)
	,(245, '20190529', 8, 6, 5, 10, 8, 25)
	,(246, '20190605', 1, 1, 1, 3, 1, 25)
	,(247, '20190612', 2, 4, 1, 3, 3, 25)
	,(248, '20190619', 2, 4, 1, 5, 6, 25)
	,(249, '20190626', 2, 7, 2, 6, 9, 25)
	,(250, '20190703', 3, 8, 4, 7, 10, 25)
	,(251, '20190501', 1, 1, 1, 2, 1, 26)
	,(252, '20190508', 2, 3, 3, 3, 2, 26)
	,(253, '20190515', 5, 3, 3, 5, 3, 26)
	,(254, '20190522', 6, 6, 6, 5, 6, 26)
	,(255, '20190529', 9, 7, 6, 8, 6, 26)
	,(256, '20190605', 3, 3, 2, 3, 3, 26)
	,(257, '20190612', 3, 3, 4, 5, 6, 26)
	,(258, '20190619', 3, 4, 6, 8, 7, 26)
	,(259, '20190626', 4, 6, 8, 10, 10, 26)
	,(260, '20190703', 5, 8, 10, 10, 10, 26)
	,(261, '20181014', 3, 3, 2, 1, 1, 27)
	,(262, '20181021', 4, 5, 2, 1, 3, 27)
	,(263, '20181028', 4, 8, 4, 3, 4, 27)
	,(264, '20181104', 4, 10, 6, 5, 5, 27)
	,(265, '20181111', 6, 10, 6, 8, 7, 27)
	,(266, '20190812', 3, 3, 1, 1, 3, 27)
	,(267, '20190819', 4, 4, 1, 1, 3, 27)
	,(268, '20190826', 4, 4, 4, 4, 6, 27)
	,(269, '20190902', 7, 5, 6, 7, 6, 27)
	,(270, '20190909', 8, 8, 7, 7, 6, 27)
	,(271, '20190313', 2, 2, 2, 3, 2, 28)
	,(272, '20190320', 4, 5, 4, 5, 2, 28)
	,(273, '20190327', 5, 6, 4, 5, 2, 28)
	,(274, '20190403', 7, 6, 4, 7, 2, 28)
	,(275, '20190410', 8, 7, 6, 10, 3, 28)
	,(276, '20190614', 1, 2, 3, 3, 1, 28)
	,(277, '20190621', 4, 5, 5, 5, 4, 28)
	,(278, '20190628', 6, 7, 7, 8, 4, 28)
	,(279, '20190705', 9, 9, 8, 9, 4, 28)
	,(280, '20190712', 10, 10, 8, 10, 6, 28)
	,(281, '20180507', 1, 1, 1, 2, 2, 29)
	,(282, '20180514', 4, 4, 4, 3, 2, 29)
	,(283, '20180521', 5, 7, 7, 5, 5, 29)
	,(284, '20180528', 7, 7, 7, 7, 6, 29)
	,(285, '20180604', 7, 9, 10, 8, 8, 29)
	,(286, '20190612', 1, 1, 3, 1, 3, 29)
	,(287, '20190619', 4, 3, 6, 4, 4, 29)
	,(288, '20190626', 7, 4, 8, 7, 6, 29)
	,(289, '20190703', 9, 6, 10, 7, 7, 29)
	,(290, '20190710', 10, 9, 10, 10, 9, 29)
	,(291, '20190615', 2, 2, 2, 2, 1, 30)
	,(292, '20190622', 4, 4, 5, 3, 3, 30)
	,(293, '20190629', 4, 4, 7, 3, 5, 30)
	,(294, '20190706', 6, 4, 10, 4, 7, 30)
	,(295, '20190713', 9, 7, 10, 6, 10, 30)
	,(296, '20190615', 3, 1, 2, 1, 1, 30)
	,(297, '20190622', 5, 1, 4, 3, 3, 30)
	,(298, '20190629', 5, 1, 6, 4, 4, 30)
	,(299, '20190706', 5, 4, 9, 5, 4, 30)
	,(300, '20190713', 6, 5, 10, 5, 4, 30)
	,(301, '20190501', 3, 3, 2, 2, 3, 31)
	,(302, '20190508', 3, 3, 5, 3, 3, 31)
	,(303, '20190515', 5, 5, 5, 4, 6, 31)
	,(304, '20190522', 6, 8, 7, 7, 7, 31)
	,(305, '20190529', 9, 8, 8, 10, 9, 31)
	,(306, '20190605', 2, 1, 2, 1, 1, 31)
	,(307, '20190612', 4, 3, 3, 1, 1, 31)
	,(308, '20190619', 5, 4, 4, 2, 4, 31)
	,(309, '20190626', 5, 7, 6, 2, 5, 31)
	,(310, '20190703', 8, 10, 7, 4, 7, 31)
	,(311, '20180611', 3, 1, 3, 1, 2, 32)
	,(312, '20180618', 6, 1, 4, 3, 2, 32)
	,(313, '20180625', 7, 4, 4, 5, 3, 32)
	,(314, '20180702', 7, 4, 4, 7, 4, 32)
	,(315, '20180709', 8, 5, 4, 9, 6, 32)
	,(316, '20190114', 3, 2, 2, 2, 1, 32)
	,(317, '20190121', 5, 2, 3, 2, 4, 32)
	,(318, '20190128', 7, 4, 4, 2, 5, 32)
	,(319, '20190204', 8, 5, 7, 4, 7, 32)
	,(320, '20190211', 10, 7, 7, 4, 8, 32)
	,(321, '20180913', 3, 2, 1, 3, 1, 33)
	,(322, '20180920', 3, 5, 4, 5, 1, 33)
	,(323, '20180927', 4, 5, 5, 8, 4, 33)
	,(324, '20181004', 6, 7, 8, 8, 4, 33)
	,(325, '20181011', 9, 8, 9, 9, 5, 33)
	,(326, '20180913', 1, 3, 2, 3, 2, 33)
	,(327, '20180920', 1, 6, 3, 6, 5, 33)
	,(328, '20180927', 4, 9, 4, 9, 7, 33)
	,(329, '20181004', 5, 10, 5, 9, 10, 33)
	,(330, '20181011', 8, 10, 8, 10, 10, 33)
	,(331, '20181115', 3, 1, 2, 2, 2, 34)
	,(332, '20181122', 5, 1, 4, 4, 2, 34)
	,(333, '20181129', 5, 1, 5, 4, 4, 34)
	,(334, '20181206', 6, 3, 8, 4, 5, 34)
	,(335, '20181213', 8, 5, 9, 5, 6, 34)
	,(336, '20190713', 2, 3, 3, 2, 3, 34)
	,(337, '20190720', 2, 6, 4, 5, 4, 34)
	,(338, '20190727', 4, 9, 6, 8, 6, 34)
	,(339, '20190803', 4, 10, 8, 10, 6, 34)
	,(340, '20190810', 5, 10, 10, 10, 9, 34)
	,(341, '20190315', 3, 3, 2, 3, 3, 35)
	,(342, '20190322', 5, 4, 5, 3, 6, 35)
	,(343, '20190329', 7, 4, 8, 3, 9, 35)
	,(344, '20190405', 8, 6, 9, 5, 10, 35)
	,(345, '20190412', 9, 9, 10, 5, 10, 35)
	,(346, '20190315', 2, 1, 2, 2, 3, 35)
	,(347, '20190322', 4, 4, 2, 2, 5, 35)
	,(348, '20190329', 6, 4, 3, 5, 5, 35)
	,(349, '20190405', 7, 5, 4, 5, 8, 35)
	,(350, '20190412', 8, 6, 7, 6, 8, 35)
	,(351, '20190501', 2, 2, 3, 3, 2, 36)
	,(352, '20190508', 3, 4, 4, 3, 5, 36)
	,(353, '20190515', 3, 4, 6, 6, 6, 36)
	,(354, '20190522', 4, 6, 9, 6, 7, 36)
	,(355, '20190529', 7, 8, 10, 8, 8, 36)
	,(356, '20190605', 1, 2, 3, 1, 3, 36)
	,(357, '20190612', 4, 2, 5, 3, 6, 36)
	,(358, '20190619', 6, 2, 8, 3, 6, 36)
	,(359, '20190626', 9, 4, 10, 6, 9, 36)
	,(360, '20190703', 10, 4, 10, 7, 10, 36)
	,(361, '20190501', 1, 1, 3, 1, 1, 37)
	,(362, '20190508', 2, 3, 4, 1, 1, 37)
	,(363, '20190515', 5, 3, 4, 4, 3, 37)
	,(364, '20190522', 8, 4, 5, 4, 3, 37)
	,(365, '20190529', 9, 4, 6, 6, 4, 37)
	,(366, '20190605', 2, 1, 1, 1, 3, 37)
	,(367, '20190612', 3, 1, 3, 2, 4, 37)
	,(368, '20190619', 4, 1, 3, 2, 5, 37)
	,(369, '20190626', 5, 1, 4, 4, 8, 37)
	,(370, '20190703', 5, 1, 6, 5, 9, 37)
	,(371, '20180815', 2, 2, 1, 3, 2, 38)
	,(372, '20180822', 2, 5, 3, 5, 4, 38)
	,(373, '20180829', 4, 5, 3, 6, 7, 38)
	,(374, '20180905', 4, 5, 5, 7, 7, 38)
	,(375, '20180912', 7, 5, 8, 10, 10, 38)
	,(376, '20190212', 2, 2, 3, 1, 2, 38)
	,(377, '20190219', 3, 4, 5, 2, 5, 38)
	,(378, '20190226', 6, 6, 5, 5, 6, 38)
	,(379, '20190305', 9, 8, 6, 7, 7, 38)
	,(380, '20190312', 10, 8, 8, 8, 9, 38)
	,(381, '20190913', 2, 2, 2, 2, 1, 39)
	,(382, '20190920', 2, 4, 2, 3, 1, 39)
	,(383, '20190927', 3, 7, 2, 5, 4, 39)
	,(384, '20191004', 4, 10, 2, 5, 6, 39)
	,(385, '20191011', 4, 10, 5, 6, 7, 39)
	,(386, '20190913', 3, 1, 3, 1, 2, 39)
	,(387, '20190920', 3, 4, 3, 3, 4, 39)
	,(388, '20190927', 4, 4, 3, 5, 4, 39)
	,(389, '20191004', 5, 7, 3, 6, 4, 39)
	,(390, '20191011', 7, 8, 6, 7, 6, 39)
	,(391, '20190214', 3, 3, 3, 2, 1, 40)
	,(392, '20190221', 4, 5, 6, 4, 4, 40)
	,(393, '20190228', 4, 8, 8, 6, 6, 40)
	,(394, '20190307', 5, 10, 10, 7, 7, 40)
	,(395, '20190314', 7, 10, 10, 10, 8, 40)
	,(396, '20190214', 2, 3, 3, 3, 1, 40)
	,(397, '20190221', 4, 4, 6, 4, 1, 40)
	,(398, '20190228', 6, 7, 7, 5, 1, 40)
	,(399, '20190307', 7, 7, 10, 7, 3, 40)
	,(400, '20190314', 10, 10, 10, 7, 6, 40)
	,(401, '20180303', 1, 1, 3, 1, 2, 41)
	,(402, '20180310', 1, 2, 3, 2, 3, 41)
	,(403, '20180317', 3, 4, 4, 5, 5, 41)
	,(404, '20180324', 6, 7, 6, 5, 7, 41)
	,(405, '20180331', 8, 7, 8, 6, 8, 41)
	,(406, '20190412', 1, 2, 1, 3, 2, 41)
	,(407, '20190419', 4, 5, 2, 5, 3, 41)
	,(408, '20190426', 7, 5, 4, 8, 6, 41)
	,(409, '20190503', 7, 5, 6, 10, 7, 41)
	,(410, '20190510', 10, 5, 9, 10, 9, 41)
	,(411, '20180814', 1, 2, 1, 1, 3, 42)
	,(412, '20180821', 2, 5, 3, 2, 5, 42)
	,(413, '20180828', 2, 5, 3, 4, 5, 42)
	,(414, '20180904', 3, 5, 5, 5, 5, 42)
	,(415, '20180911', 5, 5, 6, 7, 8, 42)
	,(416, '20180814', 2, 3, 1, 1, 3, 42)
	,(417, '20180821', 5, 4, 2, 1, 3, 42)
	,(418, '20180828', 7, 5, 4, 1, 3, 42)
	,(419, '20180904', 9, 7, 6, 4, 4, 42)
	,(420, '20180911', 10, 7, 8, 5, 5, 42)
	,(421, '20190505', 2, 3, 1, 1, 2, 43)
	,(422, '20190512', 5, 3, 4, 4, 4, 43)
	,(423, '20190519', 5, 4, 5, 5, 7, 43)
	,(424, '20190526', 5, 6, 7, 8, 8, 43)
	,(425, '20190602', 8, 8, 8, 10, 10, 43)
	,(426, '20190609', 1, 2, 3, 3, 3, 43)
	,(427, '20190616', 3, 5, 3, 6, 4, 43)
	,(428, '20190623', 4, 7, 4, 8, 6, 43)
	,(429, '20190630', 4, 10, 6, 10, 9, 43)
	,(430, '20190707', 5, 10, 6, 10, 10, 43)
	,(431, '20180202', 3, 3, 1, 2, 3, 44)
	,(432, '20180209', 3, 6, 3, 5, 4, 44)
	,(433, '20180216', 5, 9, 4, 6, 5, 44)
	,(434, '20180223', 8, 9, 6, 9, 5, 44)
	,(435, '20180302', 9, 10, 6, 10, 6, 44)
	,(436, '20190815', 3, 2, 1, 1, 2, 44)
	,(437, '20190822', 5, 5, 1, 2, 3, 44)
	,(438, '20190829', 5, 5, 3, 5, 5, 44)
	,(439, '20190905', 8, 8, 6, 5, 6, 44)
	,(440, '20190912', 8, 10, 8, 7, 9, 44)
	,(441, '20180610', 2, 2, 3, 1, 2, 45)
	,(442, '20180617', 4, 5, 6, 1, 5, 45)
	,(443, '20180624', 4, 7, 7, 3, 7, 45)
	,(444, '20180701', 4, 9, 8, 5, 7, 45)
	,(445, '20180708', 5, 10, 9, 6, 9, 45)
	,(446, '20190514', 2, 2, 1, 3, 1, 45)
	,(447, '20190521', 2, 3, 3, 5, 1, 45)
	,(448, '20190528', 4, 4, 5, 6, 4, 45)
	,(449, '20190604', 6, 5, 5, 7, 4, 45)
	,(450, '20190611', 9, 7, 6, 7, 4, 45)
	,(451, '20190613', 3, 2, 3, 1, 3, 46)
	,(452, '20190620', 3, 3, 3, 3, 3, 46)
	,(453, '20190627', 4, 6, 5, 4, 4, 46)
	,(454, '20190704', 7, 6, 8, 7, 4, 46)
	,(455, '20190711', 7, 6, 10, 8, 7, 46)
	,(456, '20190613', 1, 2, 1, 3, 3, 46)
	,(457, '20190620', 4, 2, 1, 4, 6, 46)
	,(458, '20190627', 4, 2, 3, 4, 8, 46)
	,(459, '20190704', 4, 2, 3, 6, 9, 46)
	,(460, '20190711', 7, 4, 4, 8, 10, 46)
	,(461, '20190914', 1, 1, 3, 2, 2, 47)
	,(462, '20190921', 1, 3, 3, 5, 3, 47)
	,(463, '20190928', 3, 5, 4, 8, 4, 47)
	,(464, '20191005', 4, 6, 4, 9, 7, 47)
	,(465, '20191012', 5, 9, 7, 10, 10, 47)
	,(466, '20190914', 2, 1, 2, 1, 3, 47)
	,(467, '20190921', 4, 4, 2, 4, 4, 47)
	,(468, '20190928', 4, 5, 2, 6, 4, 47)
	,(469, '20191005', 6, 5, 4, 8, 5, 47)
	,(470, '20191012', 8, 5, 6, 10, 6, 47)
	,(471, '20190501', 3, 3, 3, 2, 2, 48)
	,(472, '20190508', 6, 5, 3, 5, 2, 48)
	,(473, '20190515', 7, 6, 4, 8, 4, 48)
	,(474, '20190522', 9, 9, 7, 8, 6, 48)
	,(475, '20190529', 10, 10, 9, 10, 9, 48)
	,(476, '20190605', 2, 2, 3, 2, 2, 48)
	,(477, '20190612', 3, 5, 3, 2, 4, 48)
	,(478, '20190619', 4, 6, 3, 5, 7, 48)
	,(479, '20190626', 5, 6, 6, 7, 10, 48)
	,(480, '20190703', 8, 7, 7, 9, 10, 48)
	,(481, '20180509', 2, 2, 1, 3, 3, 49)
	,(482, '20180516', 2, 3, 2, 4, 6, 49)
	,(483, '20180523', 5, 6, 3, 7, 8, 49)
	,(484, '20180530', 6, 6, 5, 10, 10, 49)
	,(485, '20180606', 9, 9, 5, 10, 10, 49)
	,(486, '20180509', 3, 1, 3, 2, 1, 49)
	,(487, '20180516', 4, 4, 6, 4, 2, 49)
	,(488, '20180523', 5, 6, 8, 5, 5, 49)
	,(489, '20180530', 6, 6, 10, 7, 7, 49)
	,(490, '20180606', 9, 8, 10, 10, 8, 49)
	,(491, '20190505', 3, 3, 1, 3, 3, 50)
	,(492, '20190512', 4, 6, 4, 5, 5, 50)
	,(493, '20190519', 4, 8, 7, 5, 5, 50)
	,(494, '20190526', 6, 10, 8, 6, 8, 50)
	,(495, '20190602', 9, 10, 10, 7, 10, 50)
	,(496, '20190609', 1, 1, 2, 2, 3, 50)
	,(497, '20190616', 2, 4, 4, 4, 5, 50)
	,(498, '20190623', 4, 5, 4, 7, 8, 50)
	,(499, '20190630', 7, 5, 7, 10, 8, 50)
	,(500, '20190707', 7, 7, 7, 10, 10, 50)
	,(501, '20190501', 1, 2, 3, 3, 3, 51)
	,(502, '20190508', 3, 3, 5, 6, 6, 51)
	,(503, '20190515', 6, 6, 8, 7, 7, 51)
	,(504, '20190522', 9, 9, 8, 8, 10, 51)
	,(505, '20190529', 10, 10, 10, 9, 10, 51)
	,(506, '20190605', 2, 1, 3, 3, 3, 51)
	,(507, '20190612', 3, 4, 3, 3, 6, 51)
	,(508, '20190619', 4, 7, 3, 6, 6, 51)
	,(509, '20190626', 6, 8, 4, 6, 6, 51)
	,(510, '20190703', 8, 8, 6, 6, 7, 51)
	,(511, '20190413', 1, 1, 3, 2, 1, 52)
	,(512, '20190420', 2, 3, 4, 2, 3, 52)
	,(513, '20190427', 5, 3, 6, 2, 6, 52)
	,(514, '20190504', 8, 4, 6, 4, 9, 52)
	,(515, '20190511', 10, 6, 7, 4, 10, 52)
	,(516, '20190912', 3, 3, 1, 1, 1, 52)
	,(517, '20190919', 5, 5, 3, 4, 3, 52)
	,(518, '20190926', 5, 8, 4, 6, 6, 52)
	,(519, '20191003', 7, 8, 5, 8, 7, 52)
	,(520, '20191010', 8, 10, 8, 9, 9, 52)
	,(521, '20190505', 3, 3, 3, 1, 1, 53)
	,(522, '20190512', 5, 3, 3, 3, 3, 53)
	,(523, '20190519', 8, 6, 6, 4, 5, 53)
	,(524, '20190526', 9, 9, 6, 5, 7, 53)
	,(525, '20190602', 10, 10, 7, 6, 10, 53)
	,(526, '20190609', 2, 3, 1, 1, 3, 53)
	,(527, '20190616', 2, 4, 1, 1, 5, 53)
	,(528, '20190623', 3, 5, 1, 1, 8, 53)
	,(529, '20190630', 3, 7, 3, 1, 10, 53)
	,(530, '20190707', 6, 10, 6, 1, 10, 53)
	--,(531, '20190818', 10, 10, 10, 10, 9, 7)
	,(532, '20180611', 10, 9, 9, 9, 8, 1)
	,(533, '20181019', 8, 10, 10, 8, 10, 1)
	,(534, '20181123', 10, 10, 8, 8, 9, 2)
	,(535, '20181228', 10, 10, 10, 8, 9, 2)
	,(536, '20180409', 10, 10, 10, 10, 9, 3)
	,(537, '20190818', 9, 10, 9, 9, 10, 3)
	,(538, '20181117', 9, 10, 10, 10, 9, 4)
	,(539, '20190917', 10, 9, 9, 10, 10, 4)
	,(540, '20180612', 10, 10, 8, 8, 10, 5)
	,(541, '20190322', 10, 10, 9, 10, 10, 5)
	,(542, '20180715', 10, 10, 9, 8, 10, 6)
	,(543, '20190216', 9, 10, 9, 10, 9, 6)
	,(544, '20180717', 8, 9, 9, 9, 8, 7)
	,(545, '20190818', 8, 10, 10, 8, 10, 7)
	,(546, '20180309', 8, 8, 8, 8, 8, 8)
	,(547, '20180309', 9, 8, 9, 10, 8, 8)
	,(548, '20180208', 9, 8, 9, 9, 8, 9)
	,(549, '20180819', 8, 10, 8, 10, 10, 9)
	,(550, '20180511', 9, 9, 8, 9, 10, 10)
	,(551, '20180511', 8, 8, 8, 9, 10, 10)
	,(552, '20181217', 8, 9, 10, 10, 9, 11)
	,(553, '20191020', 8, 10, 8, 9, 9, 11)
	,(554, '20180409', 10, 9, 10, 8, 10, 12)
	,(555, '20190819', 9, 8, 8, 8, 9, 12)
	,(556, '20181017', 10, 10, 8, 9, 8, 13)
	,(557, '20190520', 9, 10, 8, 8, 10, 13)
	,(558, '20190609', 9, 9, 8, 8, 8, 14)
	,(559, '20190714', 8, 9, 10, 8, 9, 14)
	,(560, '20180613', 10, 10, 10, 8, 8, 15)
	,(561, '20180818', 8, 8, 8, 10, 8, 15)
	,(562, '20190609', 9, 10, 9, 9, 10, 16)
	,(563, '20190714', 8, 9, 10, 10, 9, 16)
	,(564, '20190219', 10, 8, 8, 9, 8, 17)
	,(565, '20190918', 8, 9, 9, 9, 9, 17)
	,(566, '20190609', 8, 9, 10, 9, 10, 18)
	,(567, '20190714', 10, 10, 10, 8, 8, 18)
	,(568, '20180408', 10, 8, 10, 8, 10, 19)
	,(569, '20180917', 8, 10, 10, 8, 10, 19)
	,(570, '20190609', 8, 8, 8, 8, 8, 20)
	,(571, '20190714', 10, 10, 8, 8, 8, 20)
	,(572, '20180916', 9, 8, 9, 9, 10, 21)
	,(573, '20180916', 9, 8, 10, 9, 10, 21)
	,(574, '20190609', 8, 8, 9, 9, 10, 22)
	,(575, '20190714', 9, 10, 9, 10, 8, 22)
	,(576, '20190116', 10, 9, 8, 9, 9, 23)
	,(577, '20190616', 9, 8, 9, 8, 9, 23)
	,(578, '20180407', 10, 10, 9, 8, 8, 24)
	,(579, '20180407', 8, 9, 9, 10, 9, 24)
	,(580, '20190605', 9, 9, 9, 8, 10, 25)
	,(581, '20190710', 8, 8, 10, 9, 10, 25)
	,(582, '20190605', 10, 9, 10, 10, 10, 26)
	,(583, '20190710', 10, 10, 8, 9, 8, 26)
	,(584, '20181118', 10, 8, 9, 8, 9, 27)
	,(585, '20190916', 8, 10, 8, 8, 10, 27)
	,(586, '20190417', 9, 8, 9, 8, 9, 28)
	,(587, '20190719', 9, 9, 9, 10, 10, 28)
	,(588, '20180611', 8, 8, 8, 10, 8, 29)
	,(589, '20190717', 8, 9, 9, 10, 10, 29)
	,(590, '20190720', 10, 9, 8, 8, 9, 30)
	,(591, '20190720', 9, 9, 9, 9, 8, 30)
	,(592, '20190605', 8, 8, 10, 8, 10, 31)
	,(593, '20190710', 8, 8, 10, 9, 8, 31)
	,(594, '20180716', 8, 8, 9, 9, 9, 32)
	,(595, '20190218', 9, 10, 9, 8, 10, 32)
	,(596, '20181018', 9, 9, 9, 10, 8, 33)
	,(597, '20181018', 8, 10, 10, 10, 8, 33)
	,(598, '20181220', 10, 10, 8, 10, 9, 34)
	,(599, '20190817', 9, 9, 8, 9, 9, 34)
	,(600, '20190419', 8, 8, 10, 10, 9, 35)
	,(601, '20190419', 9, 9, 9, 10, 8, 35)
	,(602, '20190605', 8, 8, 10, 10, 10, 36)
	,(603, '20190710', 10, 10, 8, 9, 10, 36)
	,(604, '20190605', 10, 10, 9, 8, 9, 37)
	,(605, '20190710', 8, 10, 10, 8, 10, 37)
	,(606, '20180919', 10, 8, 10, 8, 8, 38)
	,(607, '20190319', 10, 9, 9, 9, 10, 38)
	,(608, '20191018', 9, 8, 8, 10, 9, 39)
	,(609, '20191018', 8, 10, 10, 10, 9, 39)
	,(610, '20190321', 9, 10, 8, 8, 10, 40)
	,(611, '20190321', 10, 8, 8, 9, 8, 40)
	,(612, '20180407', 8, 9, 9, 10, 8, 41)
	,(613, '20190517', 10, 8, 10, 8, 10, 41)
	,(614, '20180918', 10, 10, 8, 9, 9, 42)
	,(615, '20180918', 9, 8, 8, 9, 10, 42)
	,(616, '20190609', 10, 10, 9, 10, 8, 43)
	,(617, '20190714', 9, 9, 10, 9, 8, 43)
	,(618, '20180309', 8, 10, 8, 10, 8, 44)
	,(619, '20190919', 8, 10, 8, 9, 9, 44)
	,(620, '20180715', 9, 9, 10, 9, 8, 45)
	,(621, '20190618', 10, 10, 8, 10, 9, 45)
	,(622, '20190718', 10, 8, 8, 10, 10, 46)
	,(623, '20190718', 10, 9, 8, 10, 8, 46)
	,(624, '20191019', 10, 8, 9, 9, 10, 47)
	,(625, '20191019', 10, 9, 9, 9, 9, 47)
	,(626, '20190605', 10, 8, 8, 9, 9, 48)
	,(627, '20190710', 8, 8, 10, 9, 9, 48)
	,(628, '20180613', 9, 10, 9, 8, 10, 49)
	,(629, '20180613', 8, 8, 10, 8, 8, 49)
	,(630, '20190609', 10, 9, 9, 8, 10, 50)
	,(631, '20190714', 8, 9, 8, 10, 9, 50)
	,(632, '20190605', 9, 9, 10, 9, 8, 51)
	,(633, '20190710', 10, 8, 8, 10, 8, 51)
	,(634, '20190518', 8, 10, 9, 8, 9, 52)
	,(635, '20191017', 10, 8, 9, 10, 10, 52)
	,(636, '20190609', 10, 10, 10, 10, 10, 53)
	,(637, '20190714', 10, 10, 10, 8, 10, 53)
	,(638, '20180618', 9, 8, 9, 8, 10, 1)
	,(639, '20181026', 9, 10, 8, 9, 10, 1)
	,(640, '20181130', 9, 8, 10, 8, 8, 2)
	,(641, '20190104', 10, 9, 8, 10, 10, 2)
	,(642, '20180416', 8, 9, 10, 10, 9, 3)
	,(643, '20190825', 9, 9, 10, 8, 9, 3)
	,(644, '20181124', 9, 9, 10, 10, 9, 4)
	,(645, '20190924', 9, 10, 10, 8, 10, 4)
	,(646, '20180619', 8, 8, 10, 9, 9, 5)
	,(647, '20190329', 9, 8, 10, 10, 9, 5)
	,(648, '20180722', 10, 10, 9, 10, 10, 6)
	,(649, '20190223', 9, 10, 10, 9, 8, 6)
	,(650, '20180724', 9, 8, 8, 10, 8, 7)
	,(651, '20190825', 9, 9, 10, 9, 10, 7)
	,(652, '20180316', 8, 10, 10, 9, 8, 8)
	,(653, '20180316', 8, 8, 10, 9, 8, 8)
	,(654, '20180215', 9, 10, 9, 10, 9, 9)
	,(655, '20180826', 10, 10, 10, 9, 10, 9)
	,(656, '20180518', 9, 9, 8, 8, 9, 10)
	,(657, '20180518', 10, 10, 9, 8, 8, 10)
	,(658, '20181224', 8, 10, 10, 8, 10, 11)
	,(659, '20191027', 10, 10, 8, 8, 9, 11)
	,(660, '20180416', 8, 9, 8, 8, 8, 12)
	,(661, '20190826', 9, 8, 8, 9, 8, 12)
	,(662, '20181024', 10, 9, 9, 10, 9, 13)
	,(663, '20190527', 10, 10, 8, 9, 8, 13)
	,(664, '20190616', 8, 8, 9, 9, 10, 14)
	,(665, '20190721', 9, 10, 10, 10, 8, 14)
	,(666, '20180620', 9, 9, 10, 9, 10, 15)
	,(667, '20180825', 10, 9, 8, 10, 8, 15)
	,(668, '20190616', 9, 10, 8, 8, 8, 16)
	,(669, '20190721', 9, 8, 8, 10, 8, 16)
	,(670, '20190226', 8, 9, 9, 8, 9, 17)
	,(671, '20190925', 10, 9, 9, 8, 8, 17)
	,(672, '20190616', 9, 9, 8, 10, 8, 18)
	,(673, '20190721', 8, 8, 8, 8, 8, 18)
	,(674, '20180415', 10, 8, 9, 10, 8, 19)
	,(675, '20180924', 10, 10, 8, 10, 10, 19)
	,(676, '20190616', 10, 8, 10, 8, 8, 20)
	,(677, '20190721', 8, 10, 9, 9, 10, 20)
	,(678, '20180923', 9, 9, 9, 10, 10, 21)
	,(679, '20180923', 8, 8, 9, 10, 10, 21)
	,(680, '20190616', 8, 9, 8, 9, 10, 22)
	,(681, '20190721', 10, 9, 9, 10, 10, 22)
	,(682, '20190123', 8, 8, 10, 10, 8, 23)
	,(683, '20190623', 9, 8, 9, 9, 9, 23)
	,(684, '20180414', 10, 8, 10, 10, 9, 24)
	,(685, '20180414', 9, 9, 8, 10, 9, 24)
	,(686, '20190612', 9, 9, 10, 8, 9, 25)
	,(687, '20190717', 10, 10, 8, 8, 8, 25)
	,(688, '20190612', 10, 9, 9, 10, 10, 26)
	,(689, '20190717', 9, 8, 9, 8, 8, 26)
	,(690, '20181125', 8, 10, 10, 10, 8, 27)
	,(691, '20190923', 9, 10, 10, 9, 8, 27)
	,(692, '20190424', 10, 10, 8, 8, 10, 28)
	,(693, '20190726', 8, 9, 10, 8, 8, 28)
	,(694, '20180618', 9, 10, 8, 10, 10, 29)
	,(695, '20190724', 10, 8, 8, 8, 8, 29)
	,(696, '20190727', 9, 8, 8, 9, 10, 30)
	,(697, '20190727', 9, 10, 10, 8, 10, 30)
	,(698, '20190612', 9, 10, 8, 8, 10, 31)
	,(699, '20190717', 9, 9, 10, 10, 9, 31)
	,(700, '20180723', 9, 9, 8, 10, 10, 32)
	,(701, '20190225', 10, 10, 9, 8, 10, 32)
	,(702, '20181025', 8, 8, 10, 9, 8, 33)
	,(703, '20181025', 10, 9, 9, 8, 9, 33)
	,(704, '20181227', 9, 8, 8, 10, 10, 34)
	,(705, '20190824', 9, 8, 8, 10, 8, 34)
	,(706, '20190426', 9, 9, 8, 10, 9, 35)
	,(707, '20190426', 10, 9, 10, 9, 9, 35)
	,(708, '20190612', 8, 9, 9, 9, 8, 36)
	,(709, '20190717', 10, 8, 10, 9, 9, 36)
	,(710, '20190612', 8, 10, 10, 9, 8, 37)
	,(711, '20190717', 9, 9, 8, 9, 9, 37)
	,(712, '20180926', 8, 9, 8, 8, 8, 38)
	,(713, '20190326', 9, 8, 8, 8, 10, 38)
	,(714, '20191025', 9, 9, 9, 9, 10, 39)
	,(715, '20191025', 8, 8, 9, 9, 8, 39)
	,(716, '20190328', 9, 10, 10, 9, 9, 40)
	,(717, '20190328', 9, 9, 10, 8, 10, 40)
	,(718, '20180414', 9, 8, 10, 8, 10, 41)
	,(719, '20190524', 10, 8, 10, 10, 9, 41)
	,(720, '20180925', 9, 8, 8, 9, 10, 42)
	,(721, '20180925', 8, 9, 9, 8, 8, 42)
	,(722, '20190616', 8, 9, 10, 9, 9, 43)
	,(723, '20190721', 10, 10, 10, 10, 9, 43)
	,(724, '20180316', 9, 9, 8, 10, 8, 44)
	,(725, '20190926', 9, 9, 10, 8, 10, 44)
	,(726, '20180722', 8, 9, 9, 9, 8, 45)
	,(727, '20190625', 9, 8, 8, 10, 10, 45)
	,(728, '20190725', 10, 10, 10, 9, 10, 46)
	,(729, '20190725', 9, 8, 10, 9, 9, 46)
	,(730, '20191026', 8, 10, 8, 10, 10, 47)
	,(731, '20191026', 8, 9, 10, 10, 10, 47)
	,(732, '20190612', 8, 10, 9, 10, 9, 48)
	,(733, '20190717', 8, 10, 9, 10, 9, 48)
	,(734, '20180620', 9, 8, 8, 9, 8, 49)
	,(735, '20180620', 9, 10, 10, 8, 8, 49)
	,(736, '20190616', 8, 9, 10, 9, 8, 50)
	,(737, '20190721', 10, 9, 8, 8, 8, 50)
	,(738, '20190612', 9, 8, 10, 10, 9, 51)
	,(739, '20190717', 9, 9, 9, 8, 8, 51)
	,(740, '20190525', 10, 8, 10, 10, 9, 52)
	,(741, '20191024', 10, 10, 10, 8, 8, 52)
	,(742, '20190616', 10, 9, 8, 10, 10, 53)
;
